"Date","Price","Open","High","Low","Vol.","Change %"
"05/01/2026","1.4541","1.4502","1.4568","1.4422","","0.27%"
"04/01/2026","1.4501","1.4644","1.4796","1.4314","","-0.97%"
"03/01/2026","1.4643","1.4318","1.4724","1.4182","","2.57%"
"02/01/2026","1.4276","1.4130","1.4354","1.4057","","0.79%"
"01/01/2026","1.4164","1.4483","1.4517","1.4062","","-2.21%"
"12/01/2025","1.4484","1.4673","1.4720","1.4394","","-1.31%"
"11/01/2025","1.4676","1.4663","1.4846","1.4609","","0.06%"
"10/01/2025","1.4667","1.4802","1.4852","1.4554","","-0.93%"
"09/01/2025","1.4804","1.4811","1.4861","1.4590","","-0.05%"
"08/01/2025","1.4812","1.4975","1.5061","1.4788","","-1.09%"
"07/01/2025","1.4975","1.4940","1.5228","1.4885","","0.21%"
"06/01/2025","1.4944","1.4617","1.5038","1.4524","","2.41%"
"05/01/2025","1.4592","1.4665","1.4782","1.4465","","-0.49%"
"04/01/2025","1.4664","1.4557","1.5059","1.4288","","0.73%"
"03/01/2025","1.4558","1.4997","1.5007","1.4429","","-2.86%"
"02/01/2025","1.4986","1.5509","1.5739","1.4879","","-2.74%"
"01/01/2025","1.5408","1.5368","1.5482","1.5295","","0.40%"
"12/01/2024","1.5347","1.5445","1.5545","1.5307","","-0.56%"
"11/01/2024","1.5434","1.5535","1.5710","1.5330","","-0.60%"
"10/01/2024","1.5527","1.5183","1.5609","1.5134","","2.36%"
"09/01/2024","1.5169","1.5202","1.5386","1.5075","","-0.19%"
"08/01/2024","1.5198","1.5521","1.5632","1.5155","","-1.88%"
"07/01/2024","1.5489","1.5218","1.5791","1.5152","","1.80%"
"06/01/2024","1.5215","1.5310","1.5339","1.4935","","-0.50%"
"05/01/2024","1.5292","1.5767","1.5789","1.5293","","-2.95%"
"04/01/2024","1.5757","1.5428","1.5792","1.5315","","2.25%"
"03/01/2024","1.5411","1.5037","1.5540","1.4924","","2.55%"
"02/01/2024","1.5028","1.5078","1.5297","1.4938","","-0.30%"
"01/01/2024","1.5073","1.4907","1.5330","1.4870","","1.14%"
"12/01/2023","1.4903","1.5331","1.5368","1.4748","","-2.77%"
"11/01/2023","1.5327","1.5833","1.5873","1.5179","","-3.13%"
"10/01/2023","1.5823","1.5484","1.5873","1.5432","","2.20%"
"09/01/2023","1.5483","1.5939","1.6097","1.5390","","-2.79%"
"08/01/2023","1.5928","1.5532","1.6070","1.5505","","2.64%"
"07/01/2023","1.5519","1.5825","1.6043","1.5303","","-1.76%"
"06/01/2023","1.5797","1.5582","1.5917","1.5409","","1.46%"
"05/01/2023","1.5570","1.5171","1.5708","1.4981","","2.77%"
"04/01/2023","1.5150","1.5136","1.5373","1.5078","","0.33%"
"03/01/2023","1.5100","1.4876","1.5425","1.4846","","1.58%"
"02/01/2023","1.4865","1.5281","1.5373","1.4753","","-2.67%"
"01/01/2023","1.5272","1.5003","1.5335","1.4886","","1.95%"
"12/01/2022","1.4980","1.4692","1.5077","1.4532","","2.06%"
"11/01/2022","1.4678","1.4648","1.4835","1.4359","","0.34%"
"10/01/2022","1.4628","1.4605","1.4934","1.4476","","0.26%"
"09/01/2022","1.4590","1.4411","1.4793","1.4234","","1.32%"
"08/01/2022","1.4400","1.3981","1.4425","1.3879","","3.40%"
"07/01/2022","1.3927","1.4413","1.4532","1.3920","","-3.30%"
"06/01/2022","1.4403","1.4087","1.4448","1.3988","","2.41%"
"05/01/2022","1.4064","1.3892","1.4360","1.3873","","1.06%"
"04/01/2022","1.3916","1.3980","1.4090","1.3721","","-0.48%"
"03/01/2022","1.3983","1.4319","1.4658","1.3854","","-2.25%"
"02/01/2022","1.4305","1.4075","1.4594","1.3928","","1.68%"
"01/01/2022","1.4068","1.3842","1.4190","1.3716","","1.81%"
"12/01/2021","1.3818","1.3757","1.3950","1.3713","","0.49%"
"11/01/2021","1.3751","1.3359","1.3965","1.3259","","3.02%"
"10/01/2021","1.3348","1.3637","1.3701","1.3333","","-2.09%"
"09/01/2021","1.3633","1.3697","1.3777","1.3598","","-0.42%"
"08/01/2021","1.3691","1.3714","1.3900","1.3653","","-0.05%"
"07/01/2021","1.3698","1.3635","1.3819","1.3608","","0.47%"
"06/01/2021","1.3634","1.3641","1.3786","1.3499","","-0.03%"
"05/01/2021","1.3638","1.3686","1.3772","1.3553","","-0.36%"
"04/01/2021","1.3687","1.3767","1.3845","1.3554","","-0.56%"
"03/01/2021","1.3764","1.3701","1.3815","1.3572","","0.53%"
"02/01/2021","1.3692","1.3612","1.3726","1.3451","","0.40%"
"01/01/2021","1.3638","1.3504","1.3698","1.3448","","1.16%"
"12/01/2020","1.3481","1.3734","1.3850","1.3446","","-1.86%"
"11/01/2020","1.3737","1.3940","1.4009","1.3585","","-1.14%"
"10/01/2020","1.3895","1.4101","1.4192","1.3799","","-1.43%"
"09/01/2020","1.4096","1.3867","1.4347","1.3821","","1.70%"
"08/01/2020","1.3861","1.3882","1.3997","1.3736","","-0.04%"
"07/01/2020","1.3866","1.4055","1.4135","1.3719","","-1.27%"
"06/01/2020","1.4045","1.4055","1.4241","1.3861","","0.21%"
"05/01/2020","1.4016","1.4326","1.4619","1.4014","","-2.12%"
"04/01/2020","1.4320","1.4647","1.4814","1.4254","","-1.90%"
"03/01/2020","1.4598","1.4139","1.5223","1.4032","","3.09%"
"02/01/2020","1.4160","1.4289","1.4319","1.4012","","-0.90%"
"01/01/2020","1.4289","1.4059","1.4308","1.3984","","1.71%"
"12/01/2019","1.4049","1.4115","1.4179","1.3920","","-0.46%"
"11/01/2019","1.4114","1.4408","1.4420","1.4047","","-2.01%"
"10/01/2019","1.4403","1.4369","1.4642","1.4254","","0.26%"
"09/01/2019","1.4366","1.4473","1.4517","1.4218","","-0.73%"
"08/01/2019","1.4471","1.4319","1.4561","1.4260","","1.09%"
"07/01/2019","1.4315","1.4143","1.4363","1.4045","","1.25%"
"06/01/2019","1.4138","1.4198","1.4353","1.4088","","-0.42%"
"05/01/2019","1.4197","1.4260","1.4534","1.4181","","-0.40%"
"04/01/2019","1.4254","1.3966","1.4285","1.3901","","2.05%"
"03/01/2019","1.3967","1.4075","1.4282","1.3918","","-0.75%"
"02/01/2019","1.4073","1.3872","1.4251","1.3859","","1.46%"
"01/01/2019","1.3870","1.3599","1.3935","1.3555","","2.02%"
"12/01/2018","1.3595","1.3848","1.3924","1.3561","","-1.54%"
"11/01/2018","1.3808","1.3896","1.3909","1.3681","","-0.63%"
"10/01/2018","1.3895","1.3832","1.4128","1.3786","","0.49%"
"09/01/2018","1.3827","1.4236","1.4260","1.3792","","-2.87%"
"08/01/2018","1.4235","1.3796","1.4391","1.3772","","3.25%"
"07/01/2018","1.3787","1.3985","1.4061","1.3706","","-1.72%"
"06/01/2018","1.4029","1.3846","1.4047","1.3549","","1.35%"
"05/01/2018","1.3842","1.4183","1.4358","1.3646","","-2.39%"
"04/01/2018","1.4181","1.3784","1.4221","1.3765","","2.84%"
"03/01/2018","1.3789","1.3578","1.3859","1.3491","","1.59%"
"02/01/2018","1.3573","1.3141","1.3618","1.3135","","3.32%"
"01/01/2018","1.3137","1.3220","1.3261","1.3094","","-0.60%"
"12/01/2017","1.3216","1.3395","1.3484","1.3178","","-1.32%"
"11/01/2017","1.3393","1.3111","1.3461","1.3039","","2.19%"
"10/01/2017","1.3106","1.2931","1.3116","1.2780","","1.34%"
"09/01/2017","1.2933","1.2712","1.2991","1.2707","","1.76%"
"08/01/2017","1.2709","1.2847","1.2964","1.2707","","-1.04%"
"07/01/2017","1.2842","1.2948","1.3046","1.2785","","-0.82%"
"06/01/2017","1.2948","1.3133","1.3192","1.2929","","-1.38%"
"05/01/2017","1.3129","1.2965","1.3169","1.2930","","1.26%"
"04/01/2017","1.2965","1.2846","1.3211","1.2784","","0.94%"
"03/01/2017","1.2844","1.2855","1.2954","1.2717","","-0.08%"
"02/01/2017","1.2854","1.2694","1.2915","1.2635","","1.29%"
"01/01/2017","1.2690","1.2882","1.2906","1.2677","","-1.57%"
"12/01/2016","1.2892","1.3130","1.3246","1.2800","","-1.79%"
"11/01/2016","1.3127","1.3335","1.3558","1.3076","","-1.54%"
"10/01/2016","1.3332","1.2939","1.3341","1.2858","","3.03%"
"09/01/2016","1.2940","1.2840","1.2975","1.2727","","0.87%"
"08/01/2016","1.2828","1.2841","1.2913","1.2641","","-0.14%"
"07/01/2016","1.2846","1.2631","1.2895","1.2601","","1.72%"
"06/01/2016","1.2629","1.2471","1.2917","1.2392","","1.29%"
"05/01/2016","1.2468","1.2347","1.2614","1.2306","","0.92%"
"04/01/2016","1.2354","1.2399","1.2508","1.2250","","-0.32%"
"03/01/2016","1.2394","1.2488","1.2588","1.2315","","-0.73%"
"02/01/2016","1.2485","1.2448","1.2881","1.2413","","0.26%"
"01/01/2016","1.2453","1.2294","1.2593","1.2255","","1.33%"
"12/01/2015","1.2290","1.2360","1.2575","1.2223","","-0.53%"
"11/01/2015","1.2356","1.2601","1.2622","1.2326","","-1.89%"
"10/01/2015","1.2594","1.2537","1.2670","1.2330","","0.48%"
"09/01/2015","1.2534","1.2727","1.2801","1.2454","","-1.49%"
"08/01/2015","1.2724","1.2686","1.2967","1.2596","","0.30%"
"07/01/2015","1.2686","1.2369","1.2774","1.2351","","2.61%"
"06/01/2015","1.2363","1.2545","1.2638","1.2218","","-1.48%"
"05/01/2015","1.2549","1.2517","1.2656","1.2299","","0.24%"
"04/01/2015","1.2519","1.2391","1.2600","1.2356","","1.03%"
"03/01/2015","1.2391","1.2502","1.2558","1.2151","","-0.95%"
"02/01/2015","1.2510","1.2573","1.3013","1.2484","","-0.42%"
"01/01/2015","1.2563","1.2666","1.2897","1.2450","","-0.80%"
"12/01/2014","1.2664","1.2459","1.3073","1.2418","","1.56%"
"11/01/2014","1.2469","1.2435","1.2508","1.2309","","0.25%"
"10/01/2014","1.2438","1.2240","1.2617","1.2153","","1.64%"
"09/01/2014","1.2237","1.2332","1.2458","1.2228","","-0.68%"
"08/01/2014","1.2321","1.2387","1.2432","1.2235","","-0.51%"
"07/01/2014","1.2384","1.2275","1.2591","1.2253","","0.92%"
"06/01/2014","1.2271","1.2221","1.2356","1.2041","","0.46%"
"05/01/2014","1.2215","1.2080","1.2237","1.2009","","1.17%"
"04/01/2014","1.2074","1.1936","1.2241","1.1881","","1.16%"
"03/01/2014","1.1935","1.1844","1.2004","1.1798","","0.73%"
"02/01/2014","1.1849","1.1830","1.2077","1.1722","","0.19%"
"01/01/2014","1.1826","1.1861","1.1995","1.1718","","-0.22%"
"12/01/2013","1.1852","1.1967","1.2199","1.1822","","-0.84%"
"11/01/2013","1.1953","1.1806","1.2076","1.1640","","1.32%"
"10/01/2013","1.1797","1.1664","1.1837","1.1527","","1.24%"
"09/01/2013","1.1652","1.1730","1.1781","1.1459","","-0.66%"
"08/01/2013","1.1730","1.1626","1.1855","1.1552","","0.93%"
"07/01/2013","1.1622","1.1683","1.1816","1.1416","","-0.57%"
"06/01/2013","1.1689","1.1530","1.1934","1.1450","","1.37%"
"05/01/2013","1.1531","1.1450","1.1616","1.1405","","0.78%"
"04/01/2013","1.1442","1.1192","1.1604","1.1125","","2.07%"
"03/01/2013","1.1210","1.1322","1.1347","1.1061","","-0.98%"
"02/01/2013","1.1321","1.1578","1.1605","1.1256","","-2.14%"
"01/01/2013","1.1568","1.1500","1.1690","1.1394","","0.65%"
"12/01/2012","1.1493","1.1596","1.1796","1.1471","","-0.81%"
"11/01/2012","1.1587","1.1526","1.1650","1.1389","","0.63%"
"10/01/2012","1.1514","1.1319","1.1694","1.1286","","1.79%"
"09/01/2012","1.1311","1.1186","1.1611","1.1151","","1.28%"
"08/01/2012","1.1168","1.1244","1.1272","1.0974","","-0.58%"
"07/01/2012","1.1233","1.1786","1.1810","1.1169","","-4.64%"
"06/01/2012","1.1780","1.2101","1.2182","1.1760","","-2.47%"
"05/01/2012","1.2078","1.1969","1.2345","1.1904","","1.05%"
"04/01/2012","1.1952","1.1867","1.2012","1.1784","","1.00%"
"03/01/2012","1.1834","1.1857","1.2059","1.1829","","-0.15%"
"02/01/2012","1.1852","1.1961","1.2011","1.1783","","-0.84%"
"01/01/2012","1.1952","1.1967","1.2036","1.1747","","-0.30%"
"12/01/2011","1.1988","1.2222","1.2312","1.1960","","-1.92%"
"11/01/2011","1.2223","1.2101","1.2506","1.2089","","0.95%"
"10/01/2011","1.2108","1.2364","1.2421","1.2054","","-1.95%"
"09/01/2011","1.2349","1.2223","1.2598","1.1891","","1.00%"
"08/01/2011","1.2227","1.2102","1.2563","1.2026","","0.95%"
"07/01/2011","1.2112","1.2284","1.2450","1.2103","","-1.40%"
"06/01/2011","1.2284","1.1905","1.2443","1.1895","","3.23%"
"05/01/2011","1.1900","1.1978","1.2183","1.1892","","-0.59%"
"04/01/2011","1.1971","1.1993","1.2249","1.1866","","-0.27%"
"03/01/2011","1.2003","1.1701","1.2119","1.1661","","2.41%"
"02/01/2011","1.1721","1.1849","1.1939","1.1662","","-1.11%"
"01/01/2011","1.1852","1.2043","1.2110","1.1821","","-1.65%"
"12/01/2010","1.2051","1.2249","1.2321","1.2003","","-1.60%"
"11/01/2010","1.2247","1.2432","1.2651","1.2229","","-1.78%"
"10/01/2010","1.2469","1.2339","1.2650","1.2277","","1.13%"
"09/01/2010","1.2330","1.2576","1.2591","1.2191","","-1.97%"
"08/01/2010","1.2578","1.2636","1.2811","1.2524","","-0.40%"
"07/01/2010","1.2628","1.2789","1.2960","1.2580","","-1.16%"
"06/01/2010","1.2776","1.2916","1.3034","1.2725","","-1.15%"
"05/01/2010","1.2924","1.2928","1.3415","1.2804","","-0.15%"
"04/01/2010","1.2943","1.3087","1.3173","1.2842","","-1.19%"
"03/01/2010","1.3099","1.3017","1.3212","1.2944","","0.46%"
"02/01/2010","1.3039","1.3764","1.3784","1.2999","","-5.24%"
"01/01/2010","1.3760","1.3772","1.3830","1.3529","","-0.08%"
"12/01/2009","1.3771","1.4070","1.4158","1.3755","","-2.10%"
"11/01/2009","1.4067","1.4043","1.4174","1.3659","","0.24%"
"10/01/2009","1.4033","1.3703","1.4056","1.3620","","2.44%"
"09/01/2009","1.3699","1.3694","1.3924","1.3491","","-0.09%"
"08/01/2009","1.3711","1.3769","1.3982","1.3488","","-0.34%"
"07/01/2009","1.3758","1.4540","1.4941","1.3749","","-5.35%"
"06/01/2009","1.4536","1.4357","1.4992","1.4043","","1.33%"
"05/01/2009","1.4345","1.4321","1.4587","1.3858","","0.10%"
"04/01/2009","1.4330","1.4675","1.5158","1.4163","","-2.35%"
"03/01/2009","1.4675","1.5372","1.5836","1.4457","","-4.25%"
"02/01/2009","1.5327","1.4310","1.5450","1.3988","","6.70%"
"01/01/2009","1.4364","1.4712","1.5033","1.3971","","-2.22%"
"12/01/2008","1.4690","1.3790","1.5330","1.3773","","6.44%"
"11/01/2008","1.3801","1.3320","1.4336","1.3178","","3.90%"
"10/01/2008","1.3283","1.3068","1.3695","1.2772","","1.68%"
"09/01/2008","1.3063","1.2682","1.3162","1.2607","","2.92%"
"08/01/2008","1.2692","1.2649","1.2725","1.2525","","0.30%"
"07/01/2008","1.2654","1.2702","1.2786","1.2551","","-0.39%"
"06/01/2008","1.2704","1.2502","1.2730","1.2453","","1.48%"
"05/01/2008","1.2519","1.2500","1.2603","1.2386","","-0.10%"
"04/01/2008","1.2531","1.2568","1.2703","1.2433","","-0.38%"
"03/01/2008","1.2579","1.2555","1.2736","1.2513","","0.14%"
"02/01/2008","1.2561","1.2684","1.2736","1.2433","","-1.07%"
"01/01/2008","1.2697","1.2655","1.2833","1.2533","","0.34%"
"12/01/2007","1.2654","1.2527","1.2745","1.2512","","0.97%"
"11/01/2007","1.2532","1.2326","1.2616","1.2313","","1.52%"
"10/01/2007","1.2344","1.2318","1.2398","1.2187","","0.26%"
"09/01/2007","1.2312","1.2590","1.2645","1.2280","","-2.40%"
"08/01/2007","1.2615","1.2365","1.2686","1.2348","","1.91%"
"07/01/2007","1.2379","1.2435","1.2476","1.2258","","-0.40%"
"06/01/2007","1.2429","1.2479","1.2700","1.2372","","-0.51%"
"05/01/2007","1.2493","1.2259","1.2523","1.2224","","1.78%"
"04/01/2007","1.2275","1.2516","1.2608","1.2236","","-1.88%"
"03/01/2007","1.2510","1.2411","1.2574","1.2392","","0.72%"
"02/01/2007","1.2421","1.2144","1.2514","1.2097","","2.24%"
"01/01/2007","1.2149","1.2093","1.2292","1.2061","","0.26%"
"12/01/2006","1.2118","1.2156","1.2200","1.2000","","-0.40%"
"11/01/2006","1.2167","1.2357","1.2377","1.2095","","-1.63%"
"10/01/2006","1.2368","1.2451","1.2562","1.2311","","-0.72%"
"09/01/2006","1.2458","1.2437","1.2559","1.2263","","0.07%"
"08/01/2006","1.2449","1.2333","1.2462","1.2264","","0.90%"
"07/01/2006","1.2338","1.2327","1.2437","1.2230","","-0.10%"
"06/01/2006","1.2350","1.2418","1.2484","1.2271","","-0.64%"
"05/01/2006","1.2429","1.2443","1.2644","1.2395","","-0.19%"
"04/01/2006","1.2453","1.2640","1.2673","1.2400","","-1.56%"
"03/01/2006","1.2650","1.2631","1.2725","1.2480","","0.08%"
"02/01/2006","1.2640","1.2353","1.2698","1.2335","","2.21%"
"01/01/2006","1.2367","1.2600","1.2636","1.2330","","-1.93%"
"12/01/2005","1.2611","1.2771","1.2799","1.2561","","-1.22%"
"11/01/2005","1.2767","1.2775","1.2958","1.2653","","-0.14%"
"10/01/2005","1.2785","1.2472","1.2818","1.2436","","2.37%"
"09/01/2005","1.2489","1.2489","1.2598","1.2416","","-0.12%"
"08/01/2005","1.2504","1.2603","1.2630","1.2429","","-0.77%"
"07/01/2005","1.2601","1.2662","1.2750","1.2513","","-0.63%"
"06/01/2005","1.2681","1.2299","1.2717","1.2247","","3.01%"
"05/01/2005","1.2311","1.2333","1.2430","1.2259","","-0.23%"
"04/01/2005","1.2339","1.2296","1.2379","1.2225","","0.29%"
"03/01/2005","1.2303","1.2168","1.2315","1.2105","","1.07%"
"02/01/2005","1.2173","1.2238","1.2262","1.2139","","-0.54%"
"01/01/2005","1.2239","1.2125","1.2250","1.2055","","0.94%"
"12/01/2004","1.2125","1.2018","1.2185","1.1933","","0.87%"
"11/01/2004","1.2020","1.2168","1.2308","1.1964","","-1.28%"
"10/01/2004","1.2176","1.2121","1.2275","1.2082","","0.30%"
"09/01/2004","1.2139","1.2268","1.2386","1.2104","","-1.20%"
"08/01/2004","1.2287","1.2421","1.2459","1.2192","","-0.98%"
"07/01/2004","1.2409","1.2324","1.2468","1.2280","","0.65%"
"06/01/2004","1.2329","1.2224","1.2370","1.2183","","0.77%"
"05/01/2004","1.2235","1.2302","1.2392","1.2099","","-0.61%"
"04/01/2004","1.2310","1.2462","1.2499","1.2197","","-1.28%"
"03/01/2004","1.2470","1.2401","1.2509","1.2260","","0.61%"
"02/01/2004","1.2394","1.2343","1.2429","1.2180","","0.28%"
"01/01/2004","1.2359","1.2143","1.2420","1.2116","","1.68%"
"12/01/2003","1.2155","1.2154","1.2266","1.1962","","-0.13%"
"11/01/2003","1.2171","1.2200","1.2230","1.1982","","-0.34%"
"10/01/2003","1.2213","1.2169","1.2253","1.1992","","0.29%"
"09/01/2003","1.2178","1.2383","1.2404","1.1898","","-1.58%"
"08/01/2003","1.2374","1.2421","1.2560","1.2314","","-0.46%"
"07/01/2003","1.2431","1.2377","1.2526","1.2245","","0.62%"
"06/01/2003","1.2355","1.2325","1.2456","1.2125","","0.65%"
"05/01/2003","1.2275","1.2262","1.2439","1.2195","","0.06%"
"04/01/2003","1.2268","1.2406","1.2477","1.2214","","-1.16%"
"03/01/2003","1.2412","1.2330","1.2567","1.2278","","0.51%"
"02/01/2003","1.2349","1.2392","1.2466","1.2210","","-0.69%"
"01/01/2003","1.2435","1.2272","1.2485","1.2172","","1.22%"
"12/01/2002","1.2285","1.2112","1.2388","1.2099","","1.30%"
"11/01/2002","1.2127","1.2178","1.2339","1.2057","","-0.50%"
"10/01/2002","1.2188","1.2320","1.2382","1.2150","","-1.14%"
"09/01/2002","1.2329","1.2377","1.2664","1.2105","","-0.68%"
"08/01/2002","1.2413","1.2458","1.2829","1.2250","","-0.39%"
"07/01/2002","1.2462","1.2202","1.2922","1.2142","","1.93%"
"06/01/2002","1.2226","1.2221","1.2459","1.2049","","0.05%"
"05/01/2002","1.2220","1.2401","1.2636","1.2197","","-1.55%"
"04/01/2002","1.2412","1.2139","1.2484","1.2029","","2.14%"
"03/01/2002","1.2152","1.2197","1.2313","1.2070","","-0.43%"
"02/01/2002","1.2205","1.2333","1.2500","1.2153","","-1.19%"
"01/01/2002","1.2352","1.2503","1.2551","1.2281","","-1.36%"
"12/01/2001","1.2522","1.2829","1.2918","1.2409","","-2.42%"
"11/01/2001","1.2833","1.2887","1.2910","1.2463","","-0.50%"
"10/01/2001","1.2898","1.3071","1.3212","1.2633","","-1.50%"
"09/01/2001","1.3094","1.2722","1.3437","1.2644","","2.85%"
"08/01/2001","1.2731","1.2438","1.2836","1.2254","","2.31%"
"07/01/2001","1.2443","1.2330","1.2587","1.2316","","0.76%"
"06/01/2001","1.2349","1.2243","1.2535","1.2089","","0.88%"
"05/01/2001","1.2241","1.2192","1.2281","1.1955","","0.46%"
"04/01/2001","1.2185","1.2205","1.2395","1.1997","","-0.41%"
"03/01/2001","1.2235","1.2116","1.2437","1.2013","","0.82%"
"02/01/2001","1.2135","1.1846","1.2190","1.1824","","2.34%"
"01/01/2001","1.1858","1.1874","1.2169","1.1614","","-0.33%"
"12/01/2000","1.1897","1.1699","1.1950","1.1318","","1.63%"
"11/01/2000","1.1706","1.1378","1.1749","1.1251","","2.77%"
"10/01/2000","1.1391","1.1417","1.1648","1.1236","","-0.25%"
"09/01/2000","1.1420","1.1238","1.1584","1.1078","","1.75%"
"08/01/2000","1.1224","1.1372","1.1502","1.1095","","-1.41%"