Traffic per month,,,,,,,,,,,,
Year,Month,Motorcycles,Cars,Cars with trailer etc.,Buses,Trucks and vans from 6 m,Total,,,,,
2026,3,762,"523,944","6,771","3,086","64,075","598,638",,,,,
2026,2,203,"434,428","3,378","2,497","55,836","496,342",,,,,
2026,1,266,"463,694","3,643","2,721","55,884","526,208",,,,,
2025,12,449,"513,061","4,870","3,225","52,087","573,692",,,,,
2025,11,489,"490,274","5,321","4,031","56,334","556,449",,,,,
2025,10,"1,501","588,549","10,500","4,200","62,891","667,641",,,,,
2025,9,"4,908","580,909","17,039","5,565","62,608","671,029",,,,,
2025,8,"9,981","761,691","41,185","6,039","62,688","881,584",,,,,
2025,7,"10,997","829,096","51,249","5,941","62,347","959,630",,,,,
2025,6,"9,352","664,248","30,747","6,764","62,294","773,405",,,,,
2025,5,"5,806","592,266","18,431","5,305","62,259","684,067",,,,,
2025,4,"2,919","570,211","12,749","5,085","57,426","648,390",,,,,
2025,3,607,"486,890","5,894","4,199","58,187","555,777",,,,,
2025,2,147,"456,620","4,412","2,559","53,284","517,022",,,,,
2025,1,779,"452,928","3,903","2,698","54,006","514,314",,,,,
2024,12,316,"480,232","4,712","3,121","49,312","537,693",,,,,
2024,11,689,"479,247","5,428","4,170","56,400","545,934",,,,,
2024,10,"1,825","558,116","10,236","3,957","61,701","635,835",,,,,
2024,9,"5,175","553,428","16,748","5,200","59,137","639,688",,,,,
2024,8,"9,618","706,830","38,129","5,608","59,222","819,407",,,,,
2024,7,"10,162","788,016","48,691","5,287","59,851","912,007",,,,,
2024,6,"8,133","620,830","28,775","6,136","58,442","722,316",,,,,
2024,5,"6,644","578,406","17,953","5,147","59,822","667,972",,,,,
2024,4,"1,712","480,206","9,513","3,717","58,406","553,554",,,,,
2024,3,571,"498,237","7,599","4,111","54,337","564,855",,,,,
2024,2,753,"444,233","4,020","2,465","53,867","505,338",,,,,
2024,1,"1,153","408,233","3,149","2,312","53,921","468,768",,,,,
2023,12,611,"443,340","4,094","2,833","48,472","499,350",,,,,
2023,11,"1,090","438,278","5,154","2,530","57,303","504,355",,,,,
2023,10,"2,917","524,567","10,384","4,088","58,436","600,392",,,,,
2023,9,"4,317","534,970","15,463","4,931","55,846","615,527",,,,,
2023,8,"6,989","676,636","34,319","4,898","59,502","782,344",,,,,
2023,7,"8,876","807,336","48,136","5,162","54,235","923,745",,,,,
2023,6,"7,631","593,040","27,375","5,376","60,606","694,028",,,,,
2023,5,"6,026","556,898","17,298","4,743","60,163","645,128",,,,,
2023,4,"1,947","500,984","11,469","5,823","52,003","572,226",,,,,
2023,3,522,"430,360","6,456","2,634","60,964","500,936",,,,,
2023,2,331,"406,883","4,937","2,137","52,299","466,587",,,,,
2023,1,717,"422,156","4,727","2,300","54,920","484,820",,,,,
2022,12,557,"418,131","4,870","2,637","53,085","479,280",,,,,
2022,11,701,"414,887","6,163","3,340","57,478","482,569",,,,,
2022,10,"1,647","487,426","10,051","3,265","57,514","559,903",,,,,
2022,9,"4,155","504,845","12,569","4,288","62,845","588,702",,,,,
2022,8,"8,590","641,989","30,154","4,326","66,299","751,358",,,,,
2022,7,"10,672","735,156","39,465","4,458","66,511","856,262",,,,,
2022,6,"11,812","552,607","21,091","4,443","66,949","656,902",,,,,
2022,5,"5,710","508,585","13,690","3,919","62,941","594,845",,,,,
2022,4,"1,712","460,388","9,825","3,764","55,021","530,710",,,,,
2022,3,597,"410,310","5,826","2,612","60,515","479,860",,,,,
2022,2,464,"356,752","4,391","1,512","51,095","414,214",,,,,
2022,1,213,"278,659","3,632","1,337","49,929","333,770",,,,,
2021,12,197,"347,630","4,340","1,930","51,805","405,902",,,,,
2021,11,658,"411,877","5,726","3,087","57,087","478,435",,,,,
2021,10,"1,369","479,616","9,119","2,889","55,902","548,895",,,,,
2021,9,"4,135","461,972","12,327","3,101","57,477","539,012",,,,,
2021,8,"5,876","525,781","22,763","3,018","56,184","613,622",,,,,
2021,7,"6,130","496,468","21,732","2,511","54,346","581,187",,,,,
2021,6,"3,592","333,740","8,239","1,485","57,122","404,178",,,,,
2021,5,"1,939","277,330","6,176","1,038","52,316","338,799",,,,,
2021,4,793,"225,412","4,826",806,"49,537","281,374",,,,,
2021,3,265,"178,207","2,993","1,110","56,313","238,888",,,,,
2021,2,88,"136,359","1,884",443,"46,849","185,623",,,,,
2021,1,158,"129,828","1,655",320,"45,023","176,984",,,,,
2020,12,375,"198,362","2,685",624,"46,673","248,719",,,,,
2020,11,485,"243,516","3,469","1,607","50,856","299,933",,,,,
2020,10,"1,120","378,768","6,424","1,603","53,118","441,033",,,,,
2020,9,"3,780","394,952","6,893","2,129","55,221","462,975",,,,,
2020,8,"5,094","447,514","9,058","2,338","50,228","514,232",,,,,
2020,7,"3,745","407,410","8,656","1,740","49,696","471,247",,,,,
2020,6,"2,826","280,692","3,731",942,"52,834","341,025",,,,,
2020,5,"2,256","241,158","3,253",669,"45,498","292,834",,,,,
2020,4,797,"144,759","2,124",485,"42,656","190,821",,,,,
2020,3,440,"251,316","1,871","2,109","51,940","307,676",,,,,
2020,2,438,"447,021","2,529","2,993","48,337","501,318",,,,,
2020,1,257,"461,070","2,340","3,029","49,740","516,436",,,,,
2019,12,271,"472,883","5,758","3,413","40,053","522,378",,,,,
2019,11,347,"482,272","6,463","4,284","48,504","541,870",,,,,
2019,10,"1,132","554,111","9,192","4,378","53,927","622,740",,,,,
2019,9,"3,588","544,371","12,709","5,926","51,385","617,979",,,,,
2019,8,"8,330","669,732","27,668","6,424","50,761","762,915",,,,,
2019,7,"10,387","747,404","40,933","5,943","52,908","857,575",,,,,
2019,6,"9,108","632,303","21,546","7,260","51,711","721,928",,,,,
2019,5,"4,249","572,690","12,737","5,890","54,645","650,211",,,,,
2019,4,"2,087","545,752","10,607","4,682","50,152","613,280",,,,,
2019,3,609,"482,649","4,796","4,407","51,277","543,738",,,,,
2019,2,278,"441,353","3,471","3,174","46,006","494,282",,,,,
2019,1,209,"450,172","4,254","2,969","47,731","505,335",,,,,
2018,12,215,"480,726","9,016","3,811","34,552","528,320",,,,,
2018,11,463,"495,270","10,989","4,436","44,392","555,550",,,,,
2018,10,"1,639","555,491","14,844","4,438","45,701","622,113",,,,,
2018,9,"3,972","555,821","18,739","6,021","41,413","625,966",,,,,
2018,8,"7,607","674,662","33,616","6,554","43,183","765,622",,,,,
2018,7,"11,066","728,760","47,352","5,919","40,723","833,820",,,,,
2018,6,"7,827","634,882","29,315","6,589","42,577","721,190",,,,,
2018,5,"5,481","610,917","22,772","6,503","44,407","690,080",,,,,
2018,4,"1,741","523,612","17,004","4,579","39,527","586,463",,,,,
2018,3,232,"504,558","13,312","3,938","40,744","562,784",,,,,
2018,2,111,"443,243","10,347","2,512","38,902","495,115",,,,,
2018,1,78,"461,068","10,522","2,329","42,459","516,456",,,,,
2017,12,103,"487,720","10,498","3,164","36,214","537,699",,,,,
2017,11,316,"502,559","12,644","3,349","43,450","562,318",,,,,
2017,10,"1,090","558,677","16,011","3,557","42,563","621,898",,,,,
2017,9,"3,158","564,190","20,427","5,055","41,470","634,300",,,,,
2017,8,"7,068","682,498","33,646","5,113","43,028","771,353",,,,,
2017,7,"8,450","747,264","46,464","5,233","39,655","847,066",,,,,
2017,6,"6,859","633,652","29,003","5,904","43,356","718,774",,,,,
2017,5,"4,844","592,592","20,459","5,279","43,530","666,704",,,,,
2017,4,"1,413","534,472","17,165","4,348","36,905","594,303",,,,,
2017,3,489,"510,187","12,108","2,922","42,773","568,479",,,,,
2017,2,66,"447,894","9,047","2,578","36,357","495,942",,,,,
2017,1,81,"462,998","8,996","2,448","36,951","511,474",,,,,
2016,12,133,"498,871","10,020","3,247","35,617","547,888",,,,,
2016,11,224,"504,856","11,425","3,326","39,953","559,784",,,,,
2016,10,997,"563,823","15,435","4,603","39,602","624,460",,,,,
2016,9,"4,525","571,951","18,491","5,521","40,144","640,632",,,,,
2016,8,"7,384","676,149","31,805","5,853","40,151","761,342",,,,,
2016,7,"8,738","739,726","43,532","5,299","37,239","834,534",,,,,
2016,6,"6,512","621,581","26,491","6,139","41,238","701,961",,,,,
2016,5,"5,501","575,044","19,999","5,481","40,241","646,266",,,,,
2016,4,"1,436","501,012","15,060","4,113","39,255","560,876",,,,,
2016,3,512,"506,064","12,389","3,173","39,068","561,206",,,,,
2016,2,89,"452,521","9,326","3,090","37,000","502,026",,,,,
2016,1,52,"437,091","8,367","2,785","34,516","482,811",,,,,
2015,12,143,"464,009","9,174","3,121","34,896","511,343",,,,,
2015,11,314,"460,422","10,256","3,382","38,226","512,600",,,,,
2015,10,"1,260","542,105","14,004","4,158","39,350","600,877",,,,,
2015,9,"3,500","530,421","16,385","4,737","39,515","594,558",,,,,
2015,8,"7,299","639,349","29,177","5,442","37,753","719,020",,,,,
2015,7,"8,893","710,172","41,747","4,580","38,504","803,896",,,,,
2015,6,"6,183","584,253","24,401","5,275","40,237","660,349",,,,,
2015,5,"4,355","553,369","18,865","4,893","36,254","617,736",,,,,
2015,4,"1,459","503,151","14,192","3,566","36,200","558,568",,,,,
2015,3,466,"477,073","10,722","2,891","40,052","531,204",,,,,
2015,2,77,"423,659","7,441","2,461","33,816","467,454",,,,,
2015,1,50,"426,063","7,415","2,306","33,989","469,823",,,,,
2014,12,65,"452,678","7,907","2,636","32,193","495,479",,,,,
2014,11,384,"460,507","9,466","2,847","36,413","509,617",,,,,
2014,10,"1,071","532,601","13,416","3,160","38,533","588,781",,,,,
2014,9,"3,624","523,802","15,402","4,101","37,423","584,352",,,,,
2014,8,"6,206","618,537","27,842","4,494","34,204","691,283",,,,,
2014,7,"8,671","666,775","38,725","4,349","35,808","754,328",,,,,
2014,6,"7,246","652,354","24,210","13,885","35,009","732,704",,,,,
2014,5,"4,304","537,567","18,242","4,654","35,772","600,539",,,,,
2014,4,"1,760","496,241","14,562","3,278","35,365","551,206",,,,,
2014,3,640,"450,966","9,689","2,540","36,147","499,982",,,,,
2014,2,90,"409,967","7,513","2,315","32,395","452,280",,,,,
2014,1,26,"415,116","7,521","2,103","32,960","457,726",,,,,
2013,12,47,"432,379","7,855","2,650","29,073","472,004",,,,,
2013,11,249,"454,555","9,217","2,717","35,126","501,864",,,,,
2013,10,"1,104","517,406","12,644","3,089","38,467","572,710",,,,,
2013,9,"3,524","503,197","15,620","4,060","35,282","561,683",,,,,
2013,8,"6,739","598,479","24,714","4,644","35,220","669,796",,,,,
2013,7,"9,163","654,688","36,565","4,389","35,492","740,297",,,,,
2013,6,"6,382","563,264","23,090","4,629","33,944","631,309",,,,,
2013,5,"4,147","541,234","18,112","4,718","35,745","603,956",,,,,
2013,4,"1,011","474,237","12,106","3,194","33,309","523,857",,,,,
2013,3,52,"456,394","9,128","2,707","30,173","498,454",,,,,
2013,2,6,"413,060","6,787","2,214","28,925","450,992",,,,,
2013,1,14,"419,147","6,767","1,924","30,633","458,485",,,,,
2012,12,25,"421,635","7,148","2,712","25,241","456,761",,,,,
2012,11,277,"472,653","9,043","2,734","32,433","517,140",,,,,
2012,10,916,"529,847","12,458","3,225","34,395","580,841",,,,,
2012,9,"3,127","507,283","14,171","4,122","32,020","560,723",,,,,
2012,8,"6,819","609,861","24,725","4,318","34,587","680,310",,,,,
2012,7,"7,865","664,213","37,023","4,486","32,657","746,244",,,,,
2012,6,"5,865","563,328","21,461","4,476","32,846","627,976",,,,,
2012,5,"4,682","549,188","16,979","4,207","32,963","608,019",,,,,
2012,4,"1,222","487,762","13,038","3,384","29,381","534,787",,,,,
2012,3,696,"481,673","9,197","2,691","33,582","527,839",,,,,
2012,2,44,"440,242","6,927","2,608","29,501","479,322",,,,,
2012,1,70,"437,684","6,814","1,976","29,059","475,603",,,,,
2011,12,77,"464,556","7,118","2,694","28,282","502,727",,,,,
2011,11,368,"482,970","8,997","2,885","31,482","526,702",,,,,
2011,10,"1,207","531,145","12,458","3,389","30,974","579,173",,,,,
2011,9,"2,762","536,145","14,306","4,135","31,368","588,716",,,,,
2011,8,"5,189","616,834","24,820","5,488","31,384","683,715",,,,,
2011,7,"7,220","677,028","38,535","5,814","28,541","757,138",,,,,
2011,6,"7,165","584,594","23,222","4,517","29,999","649,497",,,,,
2011,5,"3,299","557,753","15,581","4,695","33,277","614,605",,,,,
2011,4,"2,158","513,968","13,851","3,501","28,288","561,766",,,,,
2011,3,198,"500,126","8,618","2,684","32,006","543,632",,,,,
2011,2,23,"445,055","6,894","2,465","26,303","480,740",,,,,
2011,1,6,"464,901","6,255","2,384","26,200","499,746",,,,,
2010,12,1,"454,629","7,153","3,489","26,235","491,507",,,,,
2010,11,101,"493,770","8,806","2,985","29,169","534,831",,,,,
2010,10,"1,091","559,591","11,713","3,553","28,386","604,334",,,,,
2010,9,"2,917","558,741","13,647","4,074","29,154","608,533",,,,,
2010,8,"5,933","640,414","25,181","4,567","27,534","703,629",,,,,
2010,7,"9,638","693,488","37,193","4,508","26,576","771,403",,,,,
2010,6,"6,063","598,980","20,343","5,151","29,927","660,464",,,,,
2010,5,"3,560","574,542","15,562","4,323","27,790","625,777",,,,,
2010,4,"1,604","526,634","11,884","4,257","26,519","570,898",,,,,
2010,3,317,"518,433","8,378","2,849","29,792","559,769",,,,,
2010,2,15,"438,352","6,260","2,551","23,646","470,824",,,,,
2010,1,14,"442,382","6,453","2,216","23,567","474,632",,,,,
2009,12,35,"480,542","7,854","3,011","22,838","514,280",,,,,
2009,11,205,"495,559","8,458","2,865","24,852","531,939",,,,,
2009,10,723,"567,205","11,121","3,413","25,202","607,664",,,,,
2009,9,"3,274","550,129","11,423","4,119","25,866","594,811",,,,,
2009,8,"7,005","634,397","23,340","4,673","23,208","692,623",,,,,
2009,7,"8,334","694,808","34,666","4,695","23,428","765,931",,,,,
2009,6,"6,319","584,934","19,410","4,745","25,767","641,175",,,,,
2009,5,"4,754","572,443","14,218","4,404","24,468","620,287",,,,,
2009,4,"2,724","542,059","11,290","3,309","25,679","585,061",,,,,
2009,3,405,"515,014","8,131","2,561","27,610","553,721",,,,,
2009,2,19,"460,295","7,701","2,549","24,457","495,021",,,,,
2009,1,48,"467,638","6,413","2,398","24,696","501,193",,,,,
2008,12,59,"486,483","6,983","2,960","23,830","520,315",,,,,
2008,11,188,"486,383","7,955","3,141","26,342","524,009",,,,,
2008,10,920,"560,553","10,763","3,550","30,112","605,898",,,,,
2008,9,"2,882","548,714","12,207","4,740","29,822","598,365",,,,,
2008,8,"6,246","626,031","22,802","4,923","27,572","687,574",,,,,
2008,7,"8,842","675,027","33,362","5,010","28,756","750,997",,,,,
2008,6,"6,467","594,079","19,491","5,339","28,910","654,286",,,,,
2008,5,"7,107","570,782","13,880","5,260","30,505","627,534",,,,,
2008,4,"1,668","519,182","9,906","3,921","31,225","565,902",,,,,
2008,3,373,"493,118","9,337","3,356","27,670","533,854",,,,,
2008,2,171,"480,078","7,616","2,910","28,393","519,168",,,,,
2008,1,89,"462,452","7,084","2,869","27,969","500,463",,,,,
2007,12,191,"468,836","7,830","3,650","23,836","504,343",,,,,
2007,11,350,"502,135","9,053","3,718","30,225","545,481",,,,,
2007,10,"1,613","549,903","11,597","4,397","30,649","598,159",,,,,
2007,9,"3,114","526,489","13,505","5,578","28,370","577,056",,,,,
2007,8,"7,368","627,183","24,828","5,880","28,983","694,242",,,,,
2007,7,"8,789","672,845","35,740","5,927","27,134","750,435",,,,,
2007,6,"6,935","554,873","20,178","5,901","28,722","616,609",,,,,
2007,5,"6,616","528,590","14,802","5,427","30,097","585,532",,,,,
2007,4,"2,570","475,535","11,621","4,912","27,092","521,730",,,,,
2007,3,884,"458,617","8,938","3,798","30,617","502,854",,,,,
2007,2,50,"381,427","6,040","3,421","25,205","416,143",,,,,
2007,1,87,"396,916","5,505","3,380","27,496","433,384",,,,,
2006,12,144,"422,706","6,549","4,374","24,480","458,253",,,,,
2006,11,338,"432,228","7,318","3,906","27,712","471,502",,,,,
2006,10,"1,190","461,268","9,556","4,458","28,316","504,788",,,,,
2006,9,"3,841","456,452","11,572","6,352","26,977","505,194",,,,,
2006,8,"5,748","539,318","22,297","5,804","26,654","599,821",,,,,
2006,7,"9,530","572,190","31,222","6,328","23,205","642,475",,,,,
2006,6,"6,471","485,252","18,398","7,028","26,130","543,279",,,,,
2006,5,"3,732","443,632","12,687","5,542","28,123","493,716",,,,,
2006,4,"1,164","395,864","7,714","4,432","23,967","433,141",,,,,
2006,3,161,"372,752","5,630","3,601","26,728","408,872",,,,,
2006,2,111,"326,419","4,934","3,132","22,140","356,736",,,,,
2006,1,66,"319,689","4,311","2,961","22,508","349,535",,,,,
2005,12,72,"346,965","4,795","4,319","22,541","378,692",,,,,
2005,11,265,"359,718","5,769","3,869","25,535","395,156",,,,,
2005,10,"1,468","387,427","7,176","4,483","24,846","425,400",,,,,
2005,9,"3,278","392,984","8,353","6,021","24,713","435,349",,,,,
2005,8,"6,414","477,026","18,092","5,737","24,013","531,282",,,,,
2005,7,"8,252","527,138","25,211","5,967","21,406","587,974",,,,,
2005,6,"5,131","420,287","12,906","5,826","23,841","467,991",,,,,
2005,5,"3,370","383,499","8,561","5,613","22,671","423,714",,,,,
2005,4,"1,273","332,799","6,309","4,338","22,522","367,241",,,,,
2005,3,255,"323,214","4,946","3,707","20,630","352,752",,,,,
2005,2,51,"274,592","3,761","3,218","18,410","300,032",,,,,
2005,1,49,"273,991","3,752","3,382","18,036","299,210",,,,,
2004,12,41,"298,832","3,561","3,792","19,132","325,358",,,,,
2004,11,198,"299,687","4,305","3,753","20,222","328,165",,,,,
2004,10,720,"332,773","5,394","4,327","20,225","363,439",,,,,
2004,9,"2,331","329,103","6,310","5,559","20,481","363,784",,,,,
2004,8,"5,975","405,263","15,353","5,817","19,491","451,899",,,,,
2004,7,"7,345","491,798","23,596","6,352","18,174","547,265",,,,,
2004,6,"4,388","363,328","11,468","6,456","20,440","406,080",,,,,
2004,5,"10,808","333,686","7,735","9,095","18,703","380,027",,,,,
2004,4,"1,421","300,036","5,620","4,155","18,964","330,196",,,,,
2004,3,306,"273,501","4,292","3,357","20,385","301,841",,,,,
2004,2,58,"250,625","3,561","2,947","17,134","274,325",,,,,
2004,1,24,"229,382","3,037","2,660","17,195","252,298",,,,,
2003,12,35,"261,167","3,196","3,305","16,683","284,386",,,,,
2003,11,151,"256,775","3,787","3,342","18,565","282,620",,,,,
2003,10,623,"302,076","4,905","3,573","20,172","331,349",,,,,
2003,9,"2,152","286,441","6,040","4,507","19,205","318,345",,,,,
2003,8,"5,795","371,469","14,453","4,416","17,972","414,105",,,,,
2003,7,"8,078","440,144","22,204","4,643","17,352","492,421",,,,,
2003,6,"5,153","326,488","11,014","4,594","17,328","364,577",,,,,
2003,5,"3,168","282,273","6,330","4,263","17,421","313,455",,,,,
2003,4,"1,082","256,462","4,978","2,974","16,685","282,181",,,,,
2003,3,542,"229,199","3,845","2,089","16,811","252,486",,,,,
2003,2,50,"207,033","2,925","1,883","15,071","226,962",,,,,
2003,1,52,"198,855","2,800","1,705","15,137","218,549",,,,,
2002,12,36,"223,341","2,695","2,799","13,844","242,715",,,,,
2002,11,122,"228,632","3,371","2,823","15,463","250,411",,,,,
2002,10,455,"265,205","4,476","3,182","16,670","289,988",,,,,
2002,9,"2,355","263,548","4,973","4,268","15,773","290,917",,,,,
2002,8,"5,429","342,386","11,126","4,627","15,541","379,109",,,,,
2002,7,"8,361","432,202","19,692","5,450","14,694","480,399",,,,,
2002,6,"4,611","297,874","9,337","5,058","14,843","331,723",,,,,
2002,5,"3,273","265,408","5,477","5,063","15,723","294,944",,,,,
2002,4,782,"225,637","4,020","2,877","15,887","249,203",,,,,
2002,3,381,"216,564","3,470","2,202","14,884","237,501",,,,,
2002,2,51,"173,155","2,390","1,620","13,176","190,392",,,,,
2002,1,12,"172,366","2,915","1,464","14,305","191,062",,,,,
2001,12,13,"181,502","3,192","2,658","12,110","199,475",,,,,
2001,11,102,"190,965","3,975","2,414","14,086","211,542",,,,,
2001,10,702,"219,017","4,618","2,718","14,207","241,262",,,,,
2001,9,"1,480","214,663","5,568","4,278","12,665","238,654",,,,,
2001,8,"5,250","306,815","12,375","4,840","13,859","343,139",,,,,
2001,7,"8,658","402,769","20,721","4,860","12,637","449,645",,,,,
2001,6,"4,473","262,209","8,538","4,933","13,055","293,208",,,,,
2001,5,"2,770","221,784","4,958","4,592","13,910","248,014",,,,,
2001,4,707,"198,243","3,554","2,668","12,455","217,627",,,,,
2001,3,106,"167,439","2,711","1,602","12,887","184,745",,,,,
2001,2,45,"150,684","2,315","1,147","10,444","164,635",,,,,
2001,1,24,"144,717","1,980","1,035","11,170","158,926",,,,,
2000,12,41,"172,741","2,170","2,069","10,304","187,325",,,,,
2000,11,131,"173,864","2,579","2,089","11,821","190,484",,,,,
2000,10,690,"195,692","3,198","2,987","11,566","214,133",,,,,
2000,9,"2,207","186,696","4,163","5,388","10,924","209,378",,,,,
2000,8,"7,522","304,599","12,817","5,857","10,360","341,155",,,,,
2000,7,"13,026","487,229","23,660","4,322","8,927","537,164",,,,,
